{"2": [2.578621983528137, -1.4164928197860718], "3": [3.086295962333679, -1.408689171075821], "4": [3.593969464302063, -1.4008894562721252], "5": [4.097454071044922, -1.3479962646961212], "6": [4.563138484954834, -1.1505840718746185], "7": [4.948174476623535, -0.8225848972797394], "8": [5.260157108306885, -0.42210645973682404], "9": [5.547274827957153, -0.003481656312942505], "10": [5.792325496673584, 0.4407728388905525], "11": [5.980076551437378, 0.9123452305793762], "0": [1.5632755160331726, -1.4320791363716125], "1": [2.0709489583969116, -1.4242927730083466], "79": [0.040260784327984744, -1.4559287428855896], "12": [6.138317346572876, 1.3947489857673645], "13": [6.2796430587768555, 1.8824004530906677], "14": [6.408977508544922, 2.3733750581741333], "15": [6.528566360473633, 2.8668160438537598], "16": [6.596945524215698, 3.3684329986572266], "17": [6.527557134628296, 3.8692755699157715], "18": [6.250279903411865, 4.285546541213989], "19": [5.793073892593384, 4.501644611358643], "20": [5.296926021575928, 4.602712392807007], "21": [4.798203945159912, 4.532587051391602], "22": [4.410511612892151, 4.2167640924453735], "23": [4.21301007270813, 3.750952959060669], "24": [4.059242129325867, 3.2670775651931763], "25": [3.9155349731445312, 2.7801125049591064], "26": [3.779893398284912, 2.2908374071121216], "27": [3.5723224878311157, 1.8361100554466248], "28": [3.1921374797821045, 1.503767967224121], "29": [2.7076685428619434, 1.3743309378623976], "30": [2.221081018447876, 1.5036619901657104], "31": [1.8219599723815918, 1.8136704564094543], "32": [1.5148040056228638, 2.2138710618019104], "33": [1.04414701461792, 2.3895634412765503], "34": [0.5572960525751114, 2.277476489543915], "35": [0.16184110566974014, 1.9604640603065517], "36": [-0.29436104744672775, 1.7458440065383911], "37": [-0.7919313609600067, 1.7488374710083008], "38": [-1.039209634065628, 1.311969518661499], "39": [-1.348665475845337, 0.9352428764104843], "40": [-1.8498529791832004, 0.9114399254322063], "41": [-2.3272935152053833, 1.0742363631725311], "42": [-2.728696107864382, 1.3836716413497951], "43": [-3.0530240535736084, 1.7730545401573181], "44": [-3.308995485305785, 2.2108450531959516], "45": [-3.7223395109176636, 2.4906630516052246], "46": [-4.225600481033325, 2.5149030089378357], "47": [-4.6698198318481445, 2.2873809337615967], "48": [-5.048052072525024, 1.9490769505500793], "49": [-5.381816387176514, 1.5671890377998352], "50": [-5.666332006454468, 1.1468691527843475], "51": [-5.9167890548706055, 0.7053375393152237], "52": [-6.134303331375122, 0.24667788669466972], "53": [-6.315459966659546, -0.22749889083206654], "54": [-6.45617938041687, -0.7151507139205933], "55": [-6.545801639556885, -1.2146444916725159], "76": [-1.4827749729156494, -1.478088229894638], "77": [-0.9750929772853851, -1.4709674715995789], "78": [-0.4674128443002701, -1.4637114703655243], "80": [0.5479313433170319, -1.4479000866413116], "81": [1.055602490901947, -1.4399209320545197], "82": [1.5632755160331726, -1.4320791363716125], "74": [-2.497014045715332, -1.5133024752140045], "75": [-1.9904460310935974, -1.4861254394054413], "70": [-3.5504571199417114, -3.0869795083999634], "56": [-6.578178405761719, -1.7211750149726868], "57": [-6.591742992401123, -2.228720545768738], "58": [-6.596933603286743, -2.736422538757324], "59": [-6.59478235244751, -3.244147539138794], "60": [-6.585933446884155, -3.751800537109375], "61": [-6.569818496704102, -4.259271860122681], "62": [-6.222153902053833, -4.578674554824829], "63": [-5.716580390930176, -4.59562349319458], "64": [-5.2089478969573975, -4.589447021484375], "65": [-4.701385021209717, -4.60211443901062], "66": [-4.701385021209717, -4.60211443901062], "67": [-4.233348488807678, -4.43516993522644], "68": [-3.949254870414734, -4.020798563957214], "69": [-3.7455984354019165, -3.555709481239319], "71": [-3.3622305393218994, -2.6154290437698364], "72": [-3.1803709268569946, -2.141385495662689], "73": [-2.967740058898926, -1.6886879801750183]}